tag	style	content	aes	note
calib/ref_ink	0.924	nan	4.93	参考水墨画 5 张
calib/ref_watercolor	0.824	nan	5.89	参考水彩画 5 张
calib/photo	0.590	1.000	5.57	原照片（photo 类概率）
ink/v1	0.074	0.817	5.25	v1：太黑，被判为滤镜照片
watercolor/v1	0.062	0.904	5.18	v1：几乎是原照片，被判为滤镜照片
lowpoly/v1	0.729	0.716	5.16	v1：随机撒点 Delaunay
ink/v2	0.1078	0.7605	5.011	v2：分位数映射+天空留白+LIC 笔触+FDoG 线；太淡、大理石纹
ink/v3	0.0782	0.7604	4.750	v3：去掉洗染纹理、压深、粗线、强抽象
ink/v5	0.2898	0.7025	4.409	v5：C 笔触引擎（逐笔更新画布），4 层笔
ink/v6	0.3847	0.6664	4.312	v6：单点补短笔、洗染层不飞白、小笔阈值调高
ink/v7	0.3210	0.7105	4.713	v7：+勾勒线条笔触
ink/v8	0.4570	0.6856	4.761	v8：留白构图 0.8 + 大号笔 + 起笔阈值高（笔更少）
watercolor/v2	0.1136	0.7110	4.710	v2：笔触引擎透明罩染（吸光度相加）+ 边缘积色 + 颗粒 + 留边
watercolor/v3	0.0340	0.8848	5.141	v3：按明暗分层罩染（区域平涂 + 硬边积色）
watercolor/v4	0.0835	0.8697	5.411	v4：L0 平涂概括 + Bousseau 颜料模型
watercolor/v5	0.1179	0.7376	4.971	v5：L0 色块逐块当洗染（白缝/重叠/沉淀/积色）
watercolor/v6	0.0749	0.6842	4.650	v6：按色差切区域、区域内抹匀、只在色差大处留缝积色
watercolor/v6b	0.2330	0.7375	5.033	v6b：区域邻接图合并（de=12）
watercolor/v7	0.6122	0.7600	5.506	v7：去铅笔底稿、色差 8、颗粒 0.5、白缝 0.7、L0 λ0.02、颜料不匀 0.3、扭动 4
watercolor/v8	0.6166	0.7790	5.579	v8：+暗部细节罩染（0.8，阈值 0.35）
lowpoly/v2	0.8828	0.7614	5.401	v2：C 内核顶点爬山 + 按误差翻边 + 按误差加点（1500 三角形）
pencil/v1	0.4611	0.7845	5.226	v1：Lu 2012（方向分类线条 + 色调直方图匹配 + 排线纹理，暗处交叉排线）
pencil/v2	0.6090	0.7792	5.251	v2：线条 0.6、排线长 8、四周淡出
oil/v1	0.1048	0.8861	5.506	v1：Hertzmann 四层笔触 + 鬃毛条纹 + 厚涂打光 + 画布纹理
oil/v2	0.4039	0.7294	5.395	v2：3 层大笔、两色混笔、边缘颜料堆、干笔、暖色罩光、L0 概括 0.05
cartoon/v1	0.2511	0.7646	4.943	v1：L0 + 区域平涂 + 粗轮廓 + XDoG 细线
cartoon/v2	0.5078	0.7087	4.659	v2：不画细节线、色差 14、提亮加饱和、轮廓阈值 12
geometric/v2	0.5503	0.6706	5.025	v2：修颜色溢出 bug + 预算 3KB（约 200 个三角形）
oil/v3	0.4309	0.7234	5.365	v3：+色温对比（亮暖暗冷）0.6；试过无效：色相扰动、短笔、调色板、横向平涂、薄涂小笔、AKF
ink/v9	0.6098	0.6658	4.712	v9：印章默认开 + 线条 0.6 + 更多飞白 + 局部对比 0.6 + 起笔阈值更高 + 洇 1.2
cartoon/v3	0.5949	0.6809	4.464	v3：色块边界磨圆（4 像素）+ 描线加粗（4）
oil/v4	0.3852	0.7181	5.343	提速（L0、区域合并搬进 C；大笔折线粗细分；大半径模糊降采样），参数不变
ink/v10	0.6263	0.6735	4.784	提速（L0、区域合并搬进 C；大笔折线粗细分；大半径模糊降采样），参数不变
watercolor/v9	0.6053	0.7774	5.595	提速（L0、区域合并搬进 C；大笔折线粗细分；大半径模糊降采样），参数不变
cartoon/v4	0.5949	0.6809	4.464	提速（L0、区域合并搬进 C；大笔折线粗细分；大半径模糊降采样），参数不变
