algo	image	setting	seed	seconds	ssim_16k	psnr_16k	ssim_160k	psnr_160k
新算法	target.png	effort=0.125	0	12.8	0.7378	28.25	0.8488	32.17
新算法	target.png	effort=0.125	1	8.0	0.7382	28.22	0.8488	32.16
新算法	target.png	effort=0.25	0	7.9	0.7393	28.29	0.8550	32.45
新算法	target.png	effort=0.25	1	9.5	0.7394	28.29	0.8553	32.45
新算法	target.png	effort=0.5	0	12.5	0.7407	28.34	0.8602	32.67
新算法	target.png	effort=0.5	1	10.6	0.7407	28.31	0.8604	32.66
新算法	target.png	effort=1	0	22.0	0.7430	28.38	0.8647	32.82
新算法	target.png	effort=1	1	24.5	0.7437	28.35	0.8647	32.82
新算法	target.png	effort=2	0	44.6	0.7445	28.41	0.8677	32.94
新算法	target.png	effort=2	1	52.5	0.7449	28.40	0.8679	32.95
旧算法	target.png	time=15	0	9.7	0.6940	25.61	0.6940	25.61
旧算法	target.png	time=15	1	9.4	0.6914	25.11	0.6914	25.11
旧算法	target.png	time=30	0	21.3	0.7135	27.56	0.7352	28.60
旧算法	target.png	time=30	1	21.0	0.7095	27.24	0.7095	27.24
旧算法	target.png	time=60	0	48.4	0.7158	27.67	0.7758	30.14
旧算法	target.png	time=60	1	48.6	0.7164	27.64	0.8123	31.41
新算法	holdout.png	effort=1	0	19.6	0.8731	29.76	0.9623	37.07
新算法	holdout.png	effort=1	1	21.5	0.8757	30.10	0.9630	37.39
旧算法	holdout.png	time=60	0	49.3	0.8457	28.79	0.9288	34.73
旧算法	holdout.png	time=60	1	47.1	0.8465	28.87	0.9391	35.65
旧算法	target.png	time=90	0	64.1	0.7159	27.72	0.8117	31.40
旧算法	target.png	time=90	1	52.2	0.7164	27.70	0.8123	31.40
旧算法	holdout.png	time=90	0	55.4	0.8465	28.86	0.9385	35.63
旧算法	holdout.png	time=90	1	58.2	0.8467	28.91	0.9389	35.63
