image	effort	seed	seconds	ssim_16k	psnr_16k	ssim_160k	psnr_160k
target.png	0.125	0	7.8	0.7380	28.05	0.8583	32.29
target.png	0.125	1	7.6	0.7375	28.01	0.8572	32.27
target.png	0.25	0	8.9	0.7420	28.18	0.8682	32.72
target.png	0.25	1	8.8	0.7426	28.16	0.8688	32.73
target.png	0.5	0	13.5	0.7475	28.33	0.8779	33.07
target.png	0.5	1	12.9	0.7472	28.29	0.8774	33.05
target.png	1	0	24.8	0.7519	28.44	0.8833	33.29
target.png	1	1	26.9	0.7518	28.43	0.8830	33.25
target.png	1.5	0	37.9	0.7519	28.46	0.8845	33.32
target.png	1.5	1	37.9	0.7535	28.48	0.8844	33.35
holdout.png	1	0	28.8	0.8756	28.95	0.9676	36.42
holdout.png	1	1	28.7	0.8774	28.94	0.9679	36.19
